<configuration>
	<timestamp key="bySecond" datePattern="yyyy.MM.dd' at 'HH.mm.ss" />
	<appender name="TXTFILE" class="ch.qos.logback.core.FileAppender">
		<file>logs/ivtracer-install-checker ${bySecond}.log</file>
		<encoder>
			<pattern>%date %level [%thread]
				%logger{10} [%file:%line] %msg%n
			</pattern>
		</encoder>
	</appender>

	<appender name="STDOUT" class="ch.qos.logback.core.ConsoleAppender">
		<layout class="ch.qos.logback.classic.PatternLayout">
			<Pattern>%d{HH:mm:ss.SSS} [%thread] %-5level %logger{36} - %msg%n
			</Pattern>
		</layout>
	</appender>

	<root level="INFO">
		<appender-ref ref="TXTFILE" />
		<appender-ref ref="STDOUT" />
	</root>
</configuration>